DROP TABLE PERSONAJE CASCADE CONSTRAINTS;
DROP TABLE ESPECIE CASCADE CONSTRAINTS;
DROP TABLE PLANETA CASCADE CONSTRAINTS;
DROP TABLE VEHICULO CASCADE CONSTRAINTS;
DROP TABLE OBJETO CASCADE CONSTRAINTS;
DROP TABLE EVENTO CASCADE CONSTRAINTS;
DROP TABLE FACCION CASCADE CONSTRAINTS;
DROP TABLE RANGO CASCADE CONSTRAINTS;
DROP TABLE HABILIDAD CASCADE CONSTRAINTS;
DROP TABLE BATALLA CASCADE CONSTRAINTS;
DROP TABLE DROIDE CASCADE CONSTRAINTS;
DROP TABLE HOLOCRON CASCADE CONSTRAINTS;
DROP TABLE ORDEN CASCADE CONSTRAINTS;
DROP TABLE CRIATURA CASCADE CONSTRAINTS;
DROP TABLE RELIGION CASCADE CONSTRAINTS;



CREATE TABLE PLANETA (
    ID_PLANETA INT PRIMARY KEY,
    NOMBRE VARCHAR2(255) UNIQUE NOT NULL,
    REGION VARCHAR2(255),
    CLIMA VARCHAR2(255),
    POBLACION DECIMAL(20,0)
);


CREATE TABLE ESPECIE (
    ID_ESPECIE INT PRIMARY KEY,
    NOMBRE VARCHAR2(255) UNIQUE NOT NULL,
    CLASIFICACION VARCHAR2(255),
    ID_PLANETA_ORIGEN INT,
    FOREIGN KEY (ID_PLANETA_ORIGEN) REFERENCES PLANETA(ID_PLANETA) ON DELETE SET NULL
);


CREATE TABLE FACCION (
    ID_FACCION INT PRIMARY KEY,
    NOMBRE VARCHAR2(255) UNIQUE NOT NULL,
    LIDER VARCHAR2(255),
    IDEOLOGIA VARCHAR2(255),
    BASE_PRINCIPAL VARCHAR2(255)
);


CREATE TABLE RANGO (
    ID_RANGO INT PRIMARY KEY,
    NOMBRE VARCHAR2(255) UNIQUE NOT NULL,
    NIVEL_AUTORIDAD VARCHAR2(255),
    ID_FACCION INT,
    FOREIGN KEY (ID_FACCION) REFERENCES FACCION(ID_FACCION) ON DELETE CASCADE
);




CREATE TABLE PERSONAJE (
    ID_PERSONAJE INT PRIMARY KEY,
    NOMBRE VARCHAR2(255) UNIQUE NOT NULL,
    ID_ESPECIE INT,
    ID_PLANETA_ORIGEN INT,
    ID_FACCION INT,
    ID_RANGO INT,
    ID_ORDEN INT,
    ID_RELIGION INT,
    FOREIGN KEY (ID_ESPECIE) REFERENCES ESPECIE(ID_ESPECIE) ON DELETE SET NULL,
    FOREIGN KEY (ID_PLANETA_ORIGEN) REFERENCES PLANETA(ID_PLANETA) ON DELETE SET NULL,
    FOREIGN KEY (ID_FACCION) REFERENCES FACCION(ID_FACCION) ON DELETE SET NULL,
    FOREIGN KEY (ID_RANGO) REFERENCES RANGO(ID_RANGO) ON DELETE SET NULL,
    FOREIGN KEY (ID_ORDEN) REFERENCES ORDEN(ID_ORDEN) ON DELETE SET NULL,
    FOREIGN KEY (ID_RELIGION) REFERENCES RELIGION(ID_RELIGION) ON DELETE SET NULL
);


CREATE TABLE VEHICULO (
    ID_VEHICULO INT PRIMARY KEY,
    NOMBRE VARCHAR2(255) UNIQUE NOT NULL,
    TIPO VARCHAR2(255),
    FABRICANTE VARCHAR2(255),
    ID_PERSONAJE INT,
    FOREIGN KEY (ID_PERSONAJE) REFERENCES PERSONAJE(ID_PERSONAJE) ON DELETE SET NULL
);


CREATE TABLE HABILIDAD(
    ID_HABILIDAD INT PRIMARY KEY,
    NOMBRE VARCHAR2(255) UNIQUE NOT NULL,
    TIPO VARCHAR2(255),
    NIVEL_DIFICULTAD VARCHAR2(255)
);


CREATE TABLE EVENTO (
    ID_EVENTO INT PRIMARY KEY,
    NOMBRE VARCHAR2(255) UNIQUE NOT NULL,
    LUGAR VARCHAR2(255),
    FECHA VARCHAR2 (255)
);


CREATE TABLE BATALLA (
    ID_BATALLA INT PRIMARY KEY,
    NOMBRE VARCHAR2(255) UNIQUE NOT NULL,
    LUGAR VARCHAR2(255),
    FECHA VARCHAR2 (255),
    FACCION_GANADORA INT,
    FOREIGN KEY (FACCION_GANADORA) REFERENCES FACCION(ID_FACCION) ON DELETE SET NULL
);


CREATE TABLE DROIDE (
    ID_DROIDE INT PRIMARY KEY,
    NOMBRE VARCHAR2(255) UNIQUE NOT NULL,
    MODELO VARCHAR2(255),
    FABRICANTE VARCHAR2(255),
    ID_FACCION INT,
    FOREIGN KEY (ID_FACCION) REFERENCES FACCION(ID_FACCION) ON DELETE SET NULL
);


CREATE TABLE ORDEN (
    ID_ORDEN INT PRIMARY KEY,
    NOMBRE VARCHAR2(255) UNIQUE NOT NULL,
    IDEOLOGIA VARCHAR2(255),
    AFILIACION VARCHAR2(255) CHECK (AFILIACION IN ('JEDI', 'SITH', 'NEUTRO', 'DESCONOCIDO'))
);


CREATE TABLE CRIATURA (
    ID_CRIATURA INT PRIMARY KEY,
    NOMBRE VARCHAR2(255) UNIQUE NOT NULL,
    ESPECIE VARCHAR2(255),
    HABITAT VARCHAR2(255),
    ID_PLANETA INT,
    FOREIGN KEY (ID_PLANETA) REFERENCES PLANETA(ID_PLANETA) ON DELETE SET NULL
);


CREATE TABLE RELIGION (
    ID_RELIGION INT PRIMARY KEY,
    NOMBRE VARCHAR2(255) UNIQUE NOT NULL,
    DEIDAD_O_FILOSOFIA VARCHAR2(255)
);


CREATE TABLE HOLOCRON (
    ID_HOLOCRON INT PRIMARY KEY,
    NOMBRE VARCHAR2(255) UNIQUE NOT NULL,
    TIPO VARCHAR2(255) CHECK (TIPO IN ('JEDI', 'SITH')),
    CREADOR VARCHAR2(255)
);


INSERT INTO PLANETA (ID_PLANETA, NOMBRE, REGION, CLIMA, POBLACION) VALUES (1,'Tatooine', 'Outer Rim', 'Árido', 200000);
INSERT INTO PLANETA (ID_PLANETA, NOMBRE, REGION, CLIMA, POBLACION) VALUES (2,'Coruscant', 'Core Worlds', 'Urbano', 1000000000000);
INSERT INTO PLANETA (ID_PLANETA, NOMBRE, REGION, CLIMA, POBLACION) VALUES (3,'Alderaan', 'Core Worlds', 'Templado', 2000000000);
INSERT INTO PLANETA (ID_PLANETA, NOMBRE, REGION, CLIMA, POBLACION) VALUES (4,'Hoth', 'Outer Rim', 'Frío', 0);
INSERT INTO PLANETA (ID_PLANETA, NOMBRE, REGION, CLIMA, POBLACION) VALUES (5,'Dagobah', 'Outer Rim', 'Pantano', 0);
INSERT INTO PLANETA (ID_PLANETA, NOMBRE, REGION, CLIMA, POBLACION) VALUES (6,'Mustafar', 'Outer Rim', 'Volcanico', 0);
INSERT INTO PLANETA (ID_PLANETA, NOMBRE, REGION, CLIMA, POBLACION) VALUES (7,'Kashyyyk', 'Mid Rim', 'Bosque', 45000000);
INSERT INTO PLANETA (ID_PLANETA, NOMBRE, REGION, CLIMA, POBLACION) VALUES (8,'Naboo', 'Mid Rim', 'Templado', 600000000);
INSERT INTO PLANETA (ID_PLANETA, NOMBRE, REGION, CLIMA, POBLACION) VALUES (9,'Kamino', 'Outer Rim', 'Lluvioso', 1000000);
INSERT INTO PLANETA (ID_PLANETA, NOMBRE, REGION, CLIMA, POBLACION) VALUES (10,'Endor', 'Outer Rim', 'Boscoso', 3000000);
INSERT INTO PLANETA (ID_PLANETA, NOMBRE, REGION, CLIMA, POBLACION) VALUES (11,'Nal Hutta','Outer Rim', 'Pantano', 700000000);


INSERT INTO ESPECIE (ID_ESPECIE, NOMBRE, CLASIFICACION, ID_PLANETA_ORIGEN) VALUES (1,'Humano', 'Mamífero', 2);
INSERT INTO ESPECIE (ID_ESPECIE, NOMBRE, CLASIFICACION, ID_PLANETA_ORIGEN) VALUES (2,'Twi lek', 'Humanoide', 1);
INSERT INTO ESPECIE (ID_ESPECIE, NOMBRE, CLASIFICACION, ID_PLANETA_ORIGEN) VALUES (3,'Wookie', 'Mamífero', 7);
INSERT INTO ESPECIE (ID_ESPECIE, NOMBRE, CLASIFICACION, ID_PLANETA_ORIGEN) VALUES (4,'Rodiano', 'Reptiloide', 1);
INSERT INTO ESPECIE (ID_ESPECIE, NOMBRE, CLASIFICACION, ID_PLANETA_ORIGEN) VALUES (5,'Mon Calamari', 'Anfibio', 8);
INSERT INTO ESPECIE (ID_ESPECIE, NOMBRE, CLASIFICACION, ID_PLANETA_ORIGEN) VALUES (6,'Ewok', 'Mamífero', 10);
INSERT INTO ESPECIE (ID_ESPECIE, NOMBRE, CLASIFICACION, ID_PLANETA_ORIGEN) VALUES (7,'Kaminoano', 'Humanoide', 9);
INSERT INTO ESPECIE (ID_ESPECIE, NOMBRE, CLASIFICACION, ID_PLANETA_ORIGEN) VALUES (8,'Hutt', 'Gasterópodo', 11);
INSERT INTO ESPECIE (ID_ESPECIE, NOMBRE, CLASIFICACION, ID_PLANETA_ORIGEN) VALUES (9,'Chiss', 'Humanoide', NULL);
INSERT INTO ESPECIE (ID_ESPECIE, NOMBRE, CLASIFICACION, ID_PLANETA_ORIGEN) VALUES (10,'Zabrak', 'Humanoide', 5);


INSERT INTO FACCION (ID_FACCION, NOMBRE, LIDER, IDEOLOGIA, BASE_PRINCIPAL) VALUES (1, 'Republica Galáctica', 'Canciller Supremo Valorum', 'Democracia', 'Coruscant');
INSERT INTO FACCION (ID_FACCION, NOMBRE, LIDER, IDEOLOGIA, BASE_PRINCIPAL) VALUES (2, 'Imperio Galáctico', 'Emperador Palpatine', 'Autocracia', 'Coruscant');
INSERT INTO FACCION (ID_FACCION, NOMBRE, LIDER, IDEOLOGIA, BASE_PRINCIPAL) VALUES (3, 'Alianza Rebelde', 'Mon Mothma', 'Resistencia', 'Yavin IV');
INSERT INTO FACCION (ID_FACCION, NOMBRE, LIDER, IDEOLOGIA, BASE_PRINCIPAL) VALUES (4, 'Primera Orden', 'Lider Supremo Snoke', 'Totalitarismo', 'Starkiller Base');
INSERT INTO FACCION (ID_FACCION, NOMBRE, LIDER, IDEOLOGIA, BASE_PRINCIPAL) VALUES (5, 'Confederacion de Sistemas Independientes', 'Conde Dooku', 'Separatismo', 'Geonosis');
INSERT INTO FACCION (ID_FACCION, NOMBRE, LIDER, IDEOLOGIA, BASE_PRINCIPAL) VALUES (6, 'Orden Jedi', 'Gran Maestro Yoda', 'Paz y Justicia', 'Templo Jedi (Coruscant)');
INSERT INTO FACCION (ID_FACCION, NOMBRE, LIDER, IDEOLOGIA, BASE_PRINCIPAL) VALUES (7, 'Sith', 'Darth Sidious', 'Dominación y Poder', 'Exegol');
INSERT INTO FACCION (ID_FACCION, NOMBRE, LIDER, IDEOLOGIA, BASE_PRINCIPAL) VALUES (8, 'Gremio de Cazarrecompensas', 'Greef Karga', 'Neutralidad', 'Ninguna');
INSERT INTO FACCION (ID_FACCION, NOMBRE, LIDER, IDEOLOGIA, BASE_PRINCIPAL) VALUES (9, 'Sindicato del Sol Negro', 'Príncipe Xizor', 'Crimen Organizado', 'Mustafar');
INSERT INTO FACCION (ID_FACCION, NOMBRE, LIDER, IDEOLOGIA, BASE_PRINCIPAL) VALUES (10, 'Clan Mandaloriano', 'Bo-Katan Kryze', 'Honor y Supervivencia', 'Mandalore');


INSERT INTO RANGO (ID_RANGO, NOMBRE, NIVEL_AUTORIDAD, ID_FACCION) VALUES (1,'Gran Almirante', 'Alto', 2);
INSERT INTO RANGO (ID_RANGO, NOMBRE, NIVEL_AUTORIDAD, ID_FACCION) VALUES (2,'Moff', 'Alto', 2);
INSERT INTO RANGO (ID_RANGO, NOMBRE, NIVEL_AUTORIDAD, ID_FACCION) VALUES (3,'General', 'Medio', 3);
INSERT INTO RANGO (ID_RANGO, NOMBRE, NIVEL_AUTORIDAD, ID_FACCION) VALUES (4,'Capitán', 'Medio', 3);
INSERT INTO RANGO (ID_RANGO, NOMBRE, NIVEL_AUTORIDAD, ID_FACCION) VALUES (5,'Caballero Jedi', 'Alto', 6);
INSERT INTO RANGO (ID_RANGO, NOMBRE, NIVEL_AUTORIDAD, ID_FACCION) VALUES (6,'Padawan', 'Bajo', 6);
INSERT INTO RANGO (ID_RANGO, NOMBRE, NIVEL_AUTORIDAD, ID_FACCION) VALUES (7,'Señor Sith', 'Alto', 7);
INSERT INTO RANGO (ID_RANGO, NOMBRE, NIVEL_AUTORIDAD, ID_FACCION) VALUES (8,'Aprendiz Sith', 'Medio', 7);
INSERT INTO RANGO (ID_RANGO, NOMBRE, NIVEL_AUTORIDAD, ID_FACCION) VALUES (9,'Daimyo', 'Alto', 9);
INSERT INTO RANGO (ID_RANGO, NOMBRE, NIVEL_AUTORIDAD, ID_FACCION) VALUES (10,'Cazarrecompensas Élite', 'Medio', 8);


INSERT INTO HABILIDAD (ID_HABILIDAD, NOMBRE, TIPO, NIVEL_DIFICULTAD) VALUES (1,'Empujón de la fuerza', 'Fuerza', 'Medio');
INSERT INTO HABILIDAD (ID_HABILIDAD, NOMBRE, TIPO, NIVEL_DIFICULTAD) VALUES (2,'Relampagos Sith', 'Fuerza', 'Alto');
INSERT INTO HABILIDAD (ID_HABILIDAD, NOMBRE, TIPO, NIVEL_DIFICULTAD) VALUES (3,'Salto Mejorado', 'Fuerza', 'Bajo');
INSERT INTO HABILIDAD (ID_HABILIDAD, NOMBRE, TIPO, NIVEL_DIFICULTAD) VALUES (4,'Persuasión Jedi', 'Fuerza', 'Medio');
INSERT INTO HABILIDAD (ID_HABILIDAD, NOMBRE, TIPO, NIVEL_DIFICULTAD) VALUES (5,'Combate con Sable de Luz', 'Combate', 'Alto');
INSERT INTO HABILIDAD (ID_HABILIDAD, NOMBRE, TIPO, NIVEL_DIFICULTAD) VALUES (6,'Disparo Preciso', 'Combate', 'Medio');
INSERT INTO HABILIDAD (ID_HABILIDAD, NOMBRE, TIPO, NIVEL_DIFICULTAD) VALUES (7,'Sigilo Avanzado', 'Táctico', 'Medio');
INSERT INTO HABILIDAD (ID_HABILIDAD, NOMBRE, TIPO, NIVEL_DIFICULTAD) VALUES (8,'Hackeo de Sistemas', 'Técnico', 'Alto');
INSERT INTO HABILIDAD (ID_HABILIDAD, NOMBRE, TIPO, NIVEL_DIFICULTAD) VALUES (9,'Piloto Experto', 'Técnico', 'Alto');
INSERT INTO HABILIDAD (ID_HABILIDAD, NOMBRE, TIPO, NIVEL_DIFICULTAD) VALUES (10,'Resistencia Mejorada', 'Fisica', 'Bajo');


INSERT INTO EVENTO (ID_EVENTO, NOMBRE, LUGAR, FECHA) VALUES (1, 'Batalla de Yavin', 'Yavin IV', '0 BBY');
INSERT INTO EVENTO (ID_EVENTO, NOMBRE, LUGAR, FECHA) VALUES (2, 'Batalla de Hoth', 'Hoth', '3 ABY');
INSERT INTO EVENTO (ID_EVENTO, NOMBRE, LUGAR, FECHA) VALUES (3, 'Batalla de Endor', 'Endor', '4 ABY');
INSERT INTO EVENTO (ID_EVENTO, NOMBRE, LUGAR, FECHA) VALUES (4, 'Caída de la República', 'Coruscant', '19 BBY');
INSERT INTO EVENTO (ID_EVENTO, NOMBRE, LUGAR, FECHA) VALUES (5, 'Orden 66', 'Toda la galaxia', '19 BBY');
INSERT INTO EVENTO (ID_EVENTO, NOMBRE, LUGAR, FECHA) VALUES (6, 'Destrucción de Alderaan', 'Alderaan', '0 BBY');
INSERT INTO EVENTO (ID_EVENTO, NOMBRE, LUGAR, FECHA) VALUES (7, 'Duelo de Mustafar', 'Mustafar', '19 BBY');
INSERT INTO EVENTO (ID_EVENTO, NOMBRE, LUGAR, FECHA) VALUES (8, 'Batalla de Geonosis', 'Geonosis', '22 BBY');
INSERT INTO EVENTO (ID_EVENTO, NOMBRE, LUGAR, FECHA) VALUES (9, 'Batalla de Jakku', 'Jakku', '5 ABY');
INSERT INTO EVENTO (ID_EVENTO, NOMBRE, LUGAR, FECHA) VALUES (10, 'Ascenso de la Primera Orden', 'Regiones desconocidas', '34 ABY');


INSERT INTO BATALLA (ID_BATALLA, NOMBRE, LUGAR, FECHA, FACCION_GANADORA) VALUES (1, 'Batalla de Naboo', 'Naboo', '32 BBY', 3);
INSERT INTO BATALLA (ID_BATALLA, NOMBRE, LUGAR, FECHA, FACCION_GANADORA) VALUES (2, 'Batallada de Geonosis', 'Geonosis', '22 BBY', 3);
INSERT INTO BATALLA (ID_BATALLA, NOMBRE, LUGAR, FECHA, FACCION_GANADORA) VALUES (3, 'Batalla de Coruscant', 'Coruscant', '19 BBY', 3);
INSERT INTO BATALLA (ID_BATALLA, NOMBRE, LUGAR, FECHA, FACCION_GANADORA) VALUES (4, 'Batalla de Yavin', 'Yavin IV', '0 BBY', 2);
INSERT INTO BATALLA (ID_BATALLA, NOMBRE, LUGAR, FECHA, FACCION_GANADORA) VALUES (5, 'Batalla de Hoth', 'Hoth', '3 ABY', 1);
INSERT INTO BATALLA (ID_BATALLA, NOMBRE, LUGAR, FECHA, FACCION_GANADORA) VALUES (6, 'Batalla de Endor', 'Endor', '4 ABY', 2);
INSERT INTO BATALLA (ID_BATALLA, NOMBRE, LUGAR, FECHA, FACCION_GANADORA) VALUES (7, 'Batalla de Jakku', 'Jakku', '5 ABY', 2);
INSERT INTO BATALLA (ID_BATALLA, NOMBRE, LUGAR, FECHA, FACCION_GANADORA) VALUES (8, 'Batalla de Starkiller', 'Base Starkiller', '34 ABY', 2);
INSERT INTO BATALLA (ID_BATALLA, NOMBRE, LUGAR, FECHA, FACCION_GANADORA) VALUES (9, 'Batalla de Crait', 'Crait', '34 ABY', 6);
INSERT INTO BATALLA (ID_BATALLA, NOMBRE, LUGAR, FECHA, FACCION_GANADORA) VALUES (10, 'Asedio de Mandalore', 'Mandalore', '19 BBY', 3);


INSERT INTO DROIDE (ID_DROIDE, NOMBRE, MODELO, FABRICANTE, ID_FACCION) VALUES (1, 'R2-D2', 'Astromecánico R2', 'Industrial Automaton', 2);
INSERT INTO DROIDE (ID_DROIDE, NOMBRE, MODELO, FABRICANTE, ID_FACCION) VALUES (2, 'C-3PO', 'Droide de protocolo serie 3PO', 'Cybot Galactica', 2);
INSERT INTO DROIDE (ID_DROIDE, NOMBRE, MODELO, FABRICANTE, ID_FACCION) VALUES (3, 'IG-88', 'Droide asesino IG', 'Holowan Laboratories', 8);
INSERT INTO DROIDE (ID_DROIDE, NOMBRE, MODELO, FABRICANTE, ID_FACCION) VALUES (4, 'Droideka', 'Droide destructor', 'Golicoid Creation Nest', 7);
INSERT INTO DROIDE (ID_DROIDE, NOMBRE, MODELO, FABRICANTE, ID_FACCION) VALUES (5, 'T3-M4', 'Droide astromecánico T3', 'Duwani Mechanical Products', NULL);
INSERT INTO DROIDE (ID_DROIDE, NOMBRE, MODELO, FABRICANTE, ID_FACCION) VALUES (6, 'HK-47', 'Droide asesino serie HK', 'Czerka Corporation', 5);
INSERT INTO DROIDE (ID_DROIDE, NOMBRE, MODELO, FABRICANTE, ID_FACCION) VALUES (7, 'L3-37', 'Droide de navegacion modificado', 'Autoconstruido', NULL);
INSERT INTO DROIDE (ID_DROIDE, NOMBRE, MODELO, FABRICANTE, ID_FACCION) VALUES (8, 'K-2SO', 'Droide de seguridad KX', 'Imperial Department of Military Research', 2);
INSERT INTO DROIDE (ID_DROIDE, NOMBRE, MODELO, FABRICANTE, ID_FACCION) VALUES (9, 'BB-9', 'Droide astromecánico BB', 'Industrial Automaton', 2);
INSERT INTO DROIDE (ID_DROIDE, NOMBRE, MODELO, FABRICANTE, ID_FACCION) VALUES (10, 'BT-1', 'Droide asesino de combate', 'Técnicos del Imperio', 1);


INSERT INTO ORDEN (ID_ORDEN, NOMBRE, IDEOLOGIA, AFILIACION) VALUES (1,'Orden Jedi', 'Paz, justicia y equilibrio en la Fuerza', 'JEDI');
INSERT INTO ORDEN (ID_ORDEN, NOMBRE, IDEOLOGIA, AFILIACION) VALUES (2,'Sith', 'Poder, dominio y el lado oscuro', 'SITH');
INSERT INTO ORDEN (ID_ORDEN, NOMBRE, IDEOLOGIA, AFILIACION) VALUES (3,'Guardianos de los Whills', 'Protección del conocimiento y la Fuerza', 'NEUTRO');
INSERT INTO ORDEN (ID_ORDEN, NOMBRE, IDEOLOGIA, AFILIACION) VALUES (4,'Hermanas de la Noche', 'Magia y conexión con Dathomir', 'DESCONOCIDO');
INSERT INTO ORDEN (ID_ORDEN, NOMBRE, IDEOLOGIA, AFILIACION) VALUES (5,'Orden de los Ren', 'Uso del lado oscuro sin seguir la Regla de Dos', 'SITH');
INSERT INTO ORDEN (ID_ORDEN, NOMBRE, IDEOLOGIA, AFILIACION) VALUES (6,'Guardia Pretoriana', 'Guerreros de élite del Líder Supremo', 'SITH');
INSERT INTO ORDEN (ID_ORDEN, NOMBRE, IDEOLOGIA, AFILIACION) VALUES (7,'Orden de los Jedi Grises', 'Equilibrio entre luz y oscuridad', 'NEUTRO');
INSERT INTO ORDEN (ID_ORDEN, NOMBRE, IDEOLOGIA, AFILIACION) VALUES (8,'Los Chamanes de la Fuerza', 'Maestros de la inmortalidad espiritual', 'DESCONOCIDO');
INSERT INTO ORDEN (ID_ORDEN, NOMBRE, IDEOLOGIA, AFILIACION) VALUES (9,'Clan Vizsla', 'Guerreros mandalorianos con lazos con el sable oscuro', 'NEUTRO');
INSERT INTO ORDEN (ID_ORDEN, NOMBRE, IDEOLOGIA, AFILIACION) VALUES (10,'Ejército de la Luz', 'Lucharon contra los Sith en la Antigua República', 'JEDI');


INSERT INTO CRIATURA (ID_CRIATURA, NOMBRE, ESPECIE, HABITAT, ID_PLANETA) VALUES (1, 'Rancor', 'Rancor', 'Cuevas y fosos', 1);
INSERT INTO CRIATURA (ID_CRIATURA, NOMBRE, ESPECIE, HABITAT, ID_PLANETA) VALUES (2, 'Wampa', 'Wampa', 'Regiones heladas', 4);
INSERT INTO CRIATURA (ID_CRIATURA, NOMBRE, ESPECIE, HABITAT, ID_PLANETA) VALUES (3, 'Bantha', 'Bantha', 'Desiertos', 1);
INSERT INTO CRIATURA (ID_CRIATURA, NOMBRE, ESPECIE, HABITAT, ID_PLANETA) VALUES (4, 'Dewback', 'Dewback', 'Desiertos', 1);
INSERT INTO CRIATURA (ID_CRIATURA, NOMBRE, ESPECIE, HABITAT, ID_PLANETA) VALUES (5, 'Nexu', 'Nexu', 'Selvas y bosques', 8);
INSERT INTO CRIATURA (ID_CRIATURA, NOMBRE, ESPECIE, HABITAT, ID_PLANETA) VALUES (6, 'Reek', 'Reek', 'Llanuras y sabanas', 8);
INSERT INTO CRIATURA (ID_CRIATURA, NOMBRE, ESPECIE, HABITAT, ID_PLANETA) VALUES (7, 'Acklay', 'Acklay', 'Pantanos y mares poco profundos', 8);
INSERT INTO CRIATURA (ID_CRIATURA, NOMBRE, ESPECIE, HABITAT, ID_PLANETA) VALUES (8, 'Krayt Dragon', 'Dragón Krayt', 'Desiertos', 1);
INSERT INTO CRIATURA (ID_CRIATURA, NOMBRE, ESPECIE, HABITAT, ID_PLANETA) VALUES (9, 'Sarlacc', 'Sarlacc', 'Pozos arenosos', 1);
INSERT INTO CRIATURA (ID_CRIATURA, NOMBRE, ESPECIE, HABITAT, ID_PLANETA) VALUES (10, 'Blurrg', 'Blurrg', 'Montañas y llanuras', 7);


INSERT INTO RELIGION (ID_RELIGION, NOMBRE, DEIDAD_O_FILOSOFIA) VALUES (1, 'Jedi', 'La Fuerza, equilibrio entre el lado luminoso y oscuro');
INSERT INTO RELIGION (ID_RELIGION, NOMBRE, DEIDAD_O_FILOSOFIA) VALUES (2, 'Sith', 'El lado oscuro de la Fuerza, la busqueda del poder absoluto');
INSERT INTO RELIGION (ID_RELIGION, NOMBRE, DEIDAD_O_FILOSOFIA) VALUES (3, 'Whills', 'Seres míticos que controlan la Fuerza y su flujo');
INSERT INTO RELIGION (ID_RELIGION, NOMBRE, DEIDAD_O_FILOSOFIA) VALUES (4, 'La Fuerza', 'Creencia en una energia cósmica que conecta toda la vida');
INSERT INTO RELIGION (ID_RELIGION, NOMBRE, DEIDAD_O_FILOSOFIA) VALUES (5, 'Los Mandalorianos', 'Veneración por los ancestros y el codigo mandaloriano');
INSERT INTO RELIGION (ID_RELIGION, NOMBRE, DEIDAD_O_FILOSOFIA) VALUES (6, 'Culto de los Sith Eternos', 'La adoracion al lado oscuro y la inmortalidad a través de la Fuerza');
INSERT INTO RELIGION (ID_RELIGION, NOMBRE, DEIDAD_O_FILOSOFIA) VALUES (7, 'Los Ren', 'Adoracion por el lado oscuro sin reglas ni normas, buscando poder');
INSERT INTO RELIGION (ID_RELIGION, NOMBRE, DEIDAD_O_FILOSOFIA) VALUES (8, 'La Antigua Orden de los Jedi Grises', 'Buscar el equilibrio en la Fuerza, sin extremos');
INSERT INTO RELIGION (ID_RELIGION, NOMBRE, DEIDAD_O_FILOSOFIA) VALUES (9, 'Los Chamanes de Dathomir', 'Fuerza mística de la naturaleza y magia oscura');
INSERT INTO RELIGION (ID_RELIGION, NOMBRE, DEIDAD_O_FILOSOFIA) VALUES (10, 'Los Precursores de la Fuerza', 'Adoracion por la energía primordial que crea y destruye el universo');


INSERT INTO PERSONAJE (ID_PERSONAJE, NOMBRE, ID_ESPECIE, ID_PLANETA_ORIGEN, ID_FACCION, ID_RANGO, ID_ORDEN, ID_RELIGION) VALUES (1, 'Luke Skywalker', 1, 2, 1, 1, 1, 1);
INSERT INTO PERSONAJE (ID_PERSONAJE, NOMBRE, ID_ESPECIE, ID_PLANETA_ORIGEN, ID_FACCION, ID_RANGO, ID_ORDEN, ID_RELIGION) VALUES (2, 'Darth Vader', 1, 2, 2, 2, 2, 2);
INSERT INTO PERSONAJE (ID_PERSONAJE, NOMBRE, ID_ESPECIE, ID_PLANETA_ORIGEN, ID_FACCION, ID_RANGO, ID_ORDEN, ID_RELIGION) VALUES (3, 'Leia Organa', 1, 2, 1, 2, 1, 1);
INSERT INTO PERSONAJE (ID_PERSONAJE, NOMBRE, ID_ESPECIE, ID_PLANETA_ORIGEN, ID_FACCION, ID_RANGO, ID_ORDEN, ID_RELIGION) VALUES (4, 'Han Solo', 1, 2, 1, 3, 1, 4);
INSERT INTO PERSONAJE (ID_PERSONAJE, NOMBRE, ID_ESPECIE, ID_PLANETA_ORIGEN, ID_FACCION, ID_RANGO, ID_ORDEN, ID_RELIGION) VALUES (5, 'Yoda', 2, 3, 1, 1, 1, 1);
INSERT INTO PERSONAJE (ID_PERSONAJE, NOMBRE, ID_ESPECIE, ID_PLANETA_ORIGEN, ID_FACCION, ID_RANGO, ID_ORDEN, ID_RELIGION) VALUES (6, 'Obi-Wan Kenobi', 1, 2, 1, 1, 1, 1);
INSERT INTO PERSONAJE (ID_PERSONAJE, NOMBRE, ID_ESPECIE, ID_PLANETA_ORIGEN, ID_FACCION, ID_RANGO, ID_ORDEN, ID_RELIGION) VALUES (7, 'Chewbacca', 4, 7, 1, 3, 1, 1);
INSERT INTO PERSONAJE (ID_PERSONAJE, NOMBRE, ID_ESPECIE, ID_PLANETA_ORIGEN, ID_FACCION, ID_RANGO, ID_ORDEN, ID_RELIGION) VALUES (8, 'Bobba Fett', 5, 1, 3, 4, 2, 2);
INSERT INTO PERSONAJE (ID_PERSONAJE, NOMBRE, ID_ESPECIE, ID_PLANETA_ORIGEN, ID_FACCION, ID_RANGO, ID_ORDEN, ID_RELIGION) VALUES (9, 'Mace Windu', 1, 2, 1, 1, 1, 1);
INSERT INTO PERSONAJE (ID_PERSONAJE, NOMBRE, ID_ESPECIE, ID_PLANETA_ORIGEN, ID_FACCION, ID_RANGO, ID_ORDEN, ID_RELIGION) VALUES (10, 'Anakin Skywalker', 1, 2, 2, 2, 1, 2);


INSERT INTO VEHICULO (ID_VEHICULO, NOMBRE, TIPO, FABRICANTE, ID_PERSONAJE) VALUES (1, 'X-Wing', 'Caza estelar', 'Incom Corporation', 1);
INSERT INTO VEHICULO (ID_VEHICULO, NOMBRE, TIPO, FABRICANTE, ID_PERSONAJE) VALUES (2, 'TIE Fighter', 'Caza estelar', 'Sienas Fleet Systems', 2);
INSERT INTO VEHICULO (ID_VEHICULO, NOMBRE, TIPO, FABRICANTE, ID_PERSONAJE) VALUES (3, 'Millenium Falcon', 'Caza estelar', 'Corellian Engineering Corporation', 4);
INSERT INTO VEHICULO (ID_VEHICULO, NOMBRE, TIPO, FABRICANTE, ID_PERSONAJE) VALUES (4, 'Speeder', 'Caza ligero', 'MerenData', 3);
INSERT INTO VEHICULO (ID_VEHICULO, NOMBRE, TIPO, FABRICANTE, ID_PERSONAJE) VALUES (5, 'Slave I', 'Caza estelar', 'Kuat System Engineering', 8);
INSERT INTO VEHICULO (ID_VEHICULO, NOMBRE, TIPO, FABRICANTE, ID_PERSONAJE) VALUES (6, 'TIE Advanced x1', 'Caza estelar', 'Sienar Fleet Systems', 2);
INSERT INTO VEHICULO (ID_VEHICULO, NOMBRE, TIPO, FABRICANTE, ID_PERSONAJE) VALUES (7, 'Republic Gunship', 'Nave de asalto', 'Kuat System Engineering', 9);
INSERT INTO VEHICULO (ID_VEHICULO, NOMBRE, TIPO, FABRICANTE, ID_PERSONAJE) VALUES (8, 'Imperial Shuttle', 'Shuttle', 'Kuat System Engineering', 2);
INSERT INTO VEHICULO (ID_VEHICULO, NOMBRE, TIPO, FABRICANTE, ID_PERSONAJE) VALUES (9, 'AT-AT Walker', 'Vehiculo Terrestre', 'Kuat Drive Yards', 2);
INSERT INTO VEHICULO (ID_VEHICULO, NOMBRE, TIPO, FABRICANTE, ID_PERSONAJE) VALUES (10, 'Podracer', 'Vehiculo de carreras', 'Various Manufacturers', 10);


INSERT INTO HOLOCRON (ID_HOLOCRON, NOMBRE, TIPO, CREADOR) VALUES (1, 'Holocrón de los Jedi de Tython', 'JEDI', 'Maestro Jedi Xendor');
INSERT INTO HOLOCRON (ID_HOLOCRON, NOMBRE, TIPO, CREADOR) VALUES (2, 'Holocrón Sith de Korriban', 'SITH', 'Darth Bane');
INSERT INTO HOLOCRON (ID_HOLOCRON, NOMBRE, TIPO, CREADOR) VALUES (3, 'Holocrón Jedi de Ilum', 'JEDI', 'Gran Maestro Satele Shan');
INSERT INTO HOLOCRON (ID_HOLOCRON, NOMBRE, TIPO, CREADOR) VALUES (4, 'Holocrón de la Fuerza Antigua', 'JEDI', 'Maestro Jedi Revan');
INSERT INTO HOLOCRON (ID_HOLOCRON, NOMBRE, TIPO, CREADOR) VALUES (5, 'Holocrón de los Sith Eternos', 'SITH', 'Darth Vitiate');
INSERT INTO HOLOCRON (ID_HOLOCRON, NOMBRE, TIPO, CREADOR) VALUES (6, 'Holocrón Jedi de la Sabiduría', 'JEDI', 'Maestro Yoda');
INSERT INTO HOLOCRON (ID_HOLOCRON, NOMBRE, TIPO, CREADOR) VALUES (7, 'Holocrón Sith de Malachor', 'SITH', 'Darth Nihilus');
INSERT INTO HOLOCRON (ID_HOLOCRON, NOMBRE, TIPO, CREADOR) VALUES (8, 'Holocrón Jedi de los Tiempos', 'JEDI', 'Maestro Qui-Gon Jinn');
INSERT INTO HOLOCRON (ID_HOLOCRON, NOMBRE, TIPO, CREADOR) VALUES (9, 'Holocrón Sith de la Oscuridad', 'SITH', 'Darth Sidious');
INSERT INTO HOLOCRON (ID_HOLOCRON, NOMBRE, TIPO, CREADOR) VALUES (10, 'Holocrón Jedi de la Luz', 'JEDI', 'Maestro Jedi Mace Windu');

